il,deprem_sayisi,ort_buyukluk,max_buyukluk,ort_derinlik,m4_ustu,m5_ustu,m6_ustu,sismik_skor
Van,1899,3.4408636124275933,7.2,5.805529225908373,245,11,1,8.96
Akdeniz,1602,3.4673533083645443,6.6,16.16179775280899,216,19,3,8.79
Kahramanmaraş,1233,3.4763179237631796,7.6,5.68580697485807,181,12,2,7.47
Malatya,816,3.528921568627451,5.7,5.161397058823529,150,15,0,5.95
Ege Denizi,1129,3.4065544729849426,5.7,9.034455270150575,126,7,0,5.93
Elazığ,480,3.5635416666666666,6.5,5.7508333333333335,89,15,2,5.38
Manisa,780,3.3815384615384616,5.6,8.472179487179487,83,7,0,4.97
Muğla,600,3.4008333333333334,5.5,10.772333333333332,75,9,0,4.67
Bingöl,214,3.68411214953271,6.4,5.279906542056075,59,12,1,4.32
Kütahya,614,3.3599348534201954,5.8,5.619543973941369,56,3,0,4.19
Denizli,342,3.511111111111111,5.7,6.285964912280702,56,7,0,3.86
İzmir,289,3.4380622837370245,5.9,9.698615916955017,41,6,0,3.69
Hatay,281,3.50711743772242,6.4,9.54306049822064,57,3,1,3.55
Çanakkale,376,3.341489361702128,5.2,8.163297872340426,40,4,0,3.44
Gaziantep,110,3.4318181818181817,7.7,7.254545454545455,14,1,1,3.39
Adıyaman,263,3.564638783269962,5.5,7.307604562737643,56,5,0,3.36
Duzce,47,3.606382978723404,7.2,6.774468085106382,9,2,2,3.14
Kocaeli,6,4.3999999999999995,7.4,8.983333333333333,4,1,1,3.0
Ankara,148,3.6324324324324326,5.5,5.6277027027027025,34,4,0,2.95
Adana,239,3.4292887029288703,5.6,7.47489539748954,34,1,0,2.92
Marmara Denizi,140,3.4135714285714283,5.7,9.934285714285714,18,3,0,2.91
Afyonkarahisar,89,3.455056179775281,6.0,5.7674157303370785,12,3,2,2.89
Antalya,204,3.409313725490196,5.5,41.29313725490196,27,2,0,2.89
Balıkesir,284,3.3295774647887324,5.2,8.095422535211267,20,1,0,2.88
Erzurum,176,3.5369318181818183,5.4,5.692045454545454,31,3,0,2.88
Erzincan,151,3.515894039735099,5.5,5.351655629139073,29,2,0,2.75
Hakkari,104,3.6432692307692305,5.9,8.104807692307691,24,1,0,2.68
Tunceli,66,3.5606060606060606,6.1,4.793939393939394,18,1,1,2.66
Şırnak,71,3.463380281690141,5.5,6.376056338028169,11,2,0,2.54
Diyarbakır,63,3.5682539682539685,5.7,6.1873015873015875,11,1,0,2.49
Muş,106,3.4632075471698114,5.1,5.406603773584906,17,2,0,2.48
Ağrı,87,3.4724137931034487,5.2,5.7988505747126435,10,2,0,2.47
Ardahan,57,3.412280701754386,5.3,7.912280701754386,7,2,0,2.43
Kutahya,122,3.3254098360655737,5.0,6.2081967213114755,9,1,0,2.37
Şanlıurfa,46,3.4,5.5,9.043478260869565,6,1,0,2.37
Niğde,31,3.5774193548387094,5.2,5.483870967741935,7,2,0,2.32
Konya,82,3.5378048780487807,5.0,5.675609756097561,13,1,0,2.27
Osmaniye,117,3.4188034188034186,4.9,7.614529914529914,15,0,0,2.22
Kayseri,65,3.5707692307692307,5.0,4.978461538461539,13,1,0,2.22
Çorum,111,3.5207207207207207,4.8,5.892792792792793,18,0,0,2.16
Bitlis,103,3.499029126213592,4.8,6.519417475728155,18,0,0,2.14
Siirt,20,3.495,5.0,5.15,3,1,0,2.11
Sivas,100,3.497,4.7,5.348,18,0,0,2.09
Isparta,65,3.5707692307692307,4.9,7.544615384615384,9,0,0,2.08
Tokat,62,3.524193548387097,4.9,4.585483870967742,12,0,0,2.07
Çankırı,56,3.5142857142857147,4.9,5.1000000000000005,8,0,0,2.06
Bursa,100,3.36,4.6,6.466,8,0,0,2.06
Burdur,73,3.356164383561644,4.8,15.775342465753424,8,0,0,2.06
Aydın,88,3.425,4.5,6.135227272727272,7,0,0,1.98
Yalova,40,3.4075,4.8,8.1775,5,0,0,1.98
Kırşehir,28,3.4,4.9,5.5249999999999995,2,0,0,1.98
Bolu,50,3.4339999999999997,4.7,5.59,6,0,0,1.96
Mersin,45,3.3333333333333335,4.5,10.722222222222221,2,0,0,1.87
Kastamonu,22,3.559090909090909,4.6,5.7727272727272725,6,0,0,1.85
Sakarya,29,3.524137931034483,4.5,7.472413793103448,6,0,0,1.83
Bilecik,11,3.5454545454545454,4.6,5.881818181818182,2,0,0,1.82
Kars,42,3.3666666666666667,4.4,6.1380952380952385,4,0,0,1.82
Artvin,12,3.3166666666666664,4.5,7.2749999999999995,1,0,0,1.78
Karaman,9,3.3,4.5,7.6000000000000005,1,0,0,1.78
Amasya,49,3.3938775510204082,4.2,4.989795918367347,4,0,0,1.77
Igdir,6,3.3833333333333333,4.4,5.233333333333333,1,0,0,1.73
Aksaray,16,3.575,4.3,5.7125,4,0,0,1.72
Edirne,13,3.569230769230769,4.3,7.546153846153846,2,0,0,1.71
Eskişehir,23,3.4956521739130437,4.2,6.208695652173914,3,0,0,1.7
Çankiri,26,3.380769230769231,4.2,5.707692307692308,3,0,0,1.7
Kilis,5,3.6399999999999997,4.3,5.9,2,0,0,1.69
Bayburt,16,3.35,4.2,6.16875,1,0,0,1.68
Tekirdağ,24,3.3666666666666667,4.1,10.862499999999999,2,0,0,1.66
Kırıkkale,10,3.53,4.2,4.720000000000001,2,0,0,1.66
Gümüşhane,35,3.2914285714285714,4.0,5.748571428571428,1,0,0,1.65
Samsun,19,3.3210526315789473,4.1,7.878947368421052,1,0,0,1.65
Giresun,7,3.242857142857143,4.1,11.0,1,0,0,1.62
Ordu,7,3.242857142857143,4.1,6.357142857142857,1,0,0,1.62
Bartin,9,3.4222222222222225,4.0,4.577777777777778,1,0,0,1.58
Yozgat,13,3.2615384615384615,3.9,5.315384615384615,0,0,0,1.55
Karabük,4,3.525,3.9,5.125,0,0,0,1.53
Batman,11,3.2454545454545456,3.8,6.7,0,0,0,1.51
İstanbul,7,3.2857142857142856,3.8,9.942857142857141,0,0,0,1.5
Karadeniz,22,3.190909090909091,3.7,17.681818181818183,0,0,0,1.5
Zonguldak,2,3.75,3.8,3.2,0,0,0,1.49
Uşak,5,3.38,3.7,4.62,0,0,0,1.45
Nevsehir,1,3.7,3.7,5.0,0,0,0,1.44
Kırklareli,3,3.3000000000000003,3.6,10.666666666666666,0,0,0,1.41
Karabuk,3,3.3333333333333335,3.6,5.8999999999999995,0,0,0,1.41
Rize,3,3.3000000000000003,3.6,10.733333333333334,0,0,0,1.41
Trabzon,5,3.12,3.3,12.42,0,0,0,1.3
Sinop,1,3.2,3.2,6.4,0,0,0,1.25
Mardin,2,3.1,3.2,3.75,0,0,0,1.25
